link,lastmod
https://www.spglobal.com/automotive-insights/en,2026-03-25T13:30:49.484Z
https://www.spglobal.com/automotive-insights/en/theme/automotive-consumer-trends,2026-03-01T23:30:20.426Z
https://www.spglobal.com/automotive-insights/en/theme/automotive-industry-forecast,2026-03-19T20:49:13.521Z
https://www.spglobal.com/automotive-insights/en/theme/automotive-industry-forecast/automotive-tariffs-impact,2026-02-24T01:10:44.567Z
https://www.spglobal.com/automotive-insights/en/theme/automotive-supply-chain,2026-03-20T17:25:44.269Z
https://www.spglobal.com/automotive-insights/en/theme/electric-vehicle-industry,2026-03-25T13:33:04.313Z
https://www.spglobal.com/automotive-insights/en/theme/electric-vehicle-industry/ev-battery-technology-insights,2026-03-05T14:24:05.481Z
https://www.spglobal.com/automotive-insights/en/theme/future-of-mobility,2026-03-20T17:23:17.62Z
https://www.spglobal.com/automotive-insights/en/theme/future-of-mobility/software-defined-vehicles,2026-03-20T17:18:15.411Z
https://www.spglobal.com/automotive-insights/en/data,2026-02-24T17:35:39.342Z
https://www.spglobal.com/automotive-insights/en/blogs/2024/1/2024-automotive-materials-forecast-ev-batteriesand-more,2026-02-28T18:40:37.434Z
https://www.spglobal.com/automotive-insights/en/blogs/2024/3/briefcase-climate-politics-frances-carbon-footprint-incentive,2026-02-28T17:17:56.492Z
https://www.spglobal.com/automotive-insights/en/blogs/2024/3/briefcase-sodium-ion-batteries-to-unseat-lithium,2026-02-28T17:26:21.931Z
https://www.spglobal.com/automotive-insights/en/blogs/2024/3/briefcase-electric-motor-market-set-to-rocket-mainland-china,2026-02-28T17:35:56.986Z
https://www.spglobal.com/automotive-insights/en/blogs/2024/4/briefcase-mexicos-automotive-salsa-tesla-chinese-suppliers,2026-02-28T17:05:22.963Z
https://www.spglobal.com/automotive-insights/en/blogs/2024/4/briefcase-the-scramble-to-get-gen-ai-on-board,2026-02-28T17:10:49.717Z
https://www.spglobal.com/automotive-insights/en/blogs/2024/2/fuel-for-thought-ceraweek,2026-02-28T17:56:21.603Z
https://www.spglobal.com/automotive-insights/en/blogs/2024/2/briefcase-the-robo-taxi-gamble,2026-02-28T18:00:41.941Z
https://www.spglobal.com/automotive-insights/en/blogs/2024/2/race-to-reduce-carbon-footprint-of-electric-vehicle-batteries,2026-02-28T18:19:08.734Z
https://www.spglobal.com/automotive-insights/en/blogs/2023/12/when-will-car-leasing-be-cool-again,2026-02-28T18:47:10.983Z
https://www.spglobal.com/automotive-insights/en/blogs/2023/12/american-honda-sees-a-share-rebound,2026-02-28T16:54:07.351Z
https://www.spglobal.com/automotive-insights/en/blogs/us-auto-inventory-levels,2026-03-03T02:50:19.389Z
https://www.spglobal.com/automotive-insights/en/blogs/2026/02/light-vehicle-powertrain-outlook-2026,2026-03-19T17:55:49.136Z
https://www.spglobal.com/automotive-insights/en/blogs/2026/02/us-automakers-optimistic-about-improving-auto-sales,2026-02-27T17:30:54.888Z
https://www.spglobal.com/automotive-insights/en/blogs/2026/02/what-auto-marketers-and-dealers-need-to-know-about-the-dram-shortage,2026-03-25T11:39:05.642Z
https://www.spglobal.com/automotive-insights/en/blogs/2026/02/mainland-china-dram-push,2026-02-26T12:37:10.367Z
https://www.spglobal.com/automotive-insights/en/blogs/2026/03/whats-changing-for-north-american-automakers-2026,2026-03-04T16:56:02.367Z
https://www.spglobal.com/automotive-insights/en/blogs/2026/03/lamborghini-scraps-bev-launch-plans,2026-03-05T11:20:09.166Z
https://www.spglobal.com/automotive-insights/en/blogs/2026/03/india-ups-the-ante-on-the-rare-earth-value-chain,2026-03-06T10:18:36.864Z
https://www.spglobal.com/automotive-insights/en/blogs/2026/03/euro-7-emission-standards-auto-brakes-market,2026-03-10T18:26:34.754Z
https://www.spglobal.com/automotive-insights/en/blogs/2026/03/chinese-cars-in-europe-vehicle-fleet-aftermarket,2026-03-10T18:40:16.568Z
https://www.spglobal.com/automotive-insights/en/blogs/2026/03/capacity-pivot-to-energy-storage-systems,2026-03-12T10:30:13.972Z
https://www.spglobal.com/automotive-insights/en/blogs/2026/03/the-price-premium-of-hybrid-electric-vehicles,2026-03-19T20:15:48.97Z
https://www.spglobal.com/automotive-insights/en/blogs/2026/03/automotive-cybersecurity-for-software-defined-vehicles,2026-03-19T11:59:18.499Z
https://www.spglobal.com/automotive-insights/en/blogs/2026/03/luxury-and-mainstream-vehicle-migration,2026-03-23T22:47:46.755Z
https://www.spglobal.com/automotive-insights/en/blogs/2026/03/us-commercial-vehicle-registration-trends-2026,2026-03-19T19:58:05.945Z
https://www.spglobal.com/automotive-insights/en/blogs/2026/03/ev-plans-us-cancellations-launches,2026-03-20T14:51:59.166Z
https://www.spglobal.com/automotive-insights/en/blogs/2026/03/ev-charging-readiness-and-consumer-insights,2026-03-24T09:28:53.016Z
https://www.spglobal.com/automotive-insights/en/blogs/2026-light-vehicle-production-forecast,2026-03-20T14:42:36.771Z
https://www.spglobal.com/automotive-insights/en/blogs/us-auto-sales,2026-02-26T23:06:54.452Z
https://www.spglobal.com/automotive-insights/en/blogs/strategies-to-grow-customer-loyalty-automotive-industry,2026-03-01T23:24:44.364Z
https://www.spglobal.com/automotive-insights/en/rapid-impact-analysis/trade-agreements-outside-united-states-come-to-forefront,2026-02-23T22:23:54.377Z
https://www.spglobal.com/automotive-insights/en/rapid-impact-analysis/supreme-court-ieepa-tariffs-ruling-implications-automakers,2026-02-24T00:35:05.535Z
https://www.spglobal.com/automotive-insights/en/rapid-impact-analysis/economic-implications-of-war-automotive-industry,2026-03-06T20:32:01.205Z
